test_name,runs,duration_in_ms
gm.setup,10,0.032187224001972936
gm.register,10,0.015291681003873236
lm.setup,10,0.0001430609991075471
ta.setup,10,0.0012387479946482927
lm.eval,10,0.0008214859990403056
gm.sign,10,0.016863095996086486
gm.verify,10,0.02582549701037351
