test_name,runs,duration_in_ms
gm.setup,1000,3.0975395659916103
gm.register,1000,1.4479770110046957
lm.setup,1000,0.005332720989827067
ta.setup,1000,0.1136313879978843
lm.eval,1000,0.0944038630113937
gm.sign,1000,1.63452299599885
gm.verify,1000,2.302566010999726
bls.sign,1000,0.40819629401084967
