test_name,runs,duration_in_ms
gm.setup,10,0.032114529007230885
gm.register,10,0.015005790992290713
lm.setup,10,0.000131433000206016
ta.setup,10,0.0012247529957676306
lm.eval,10,0.0007388170051854104
gm.sign,10,0.017092638998292387
gm.verify,10,0.024237000005086884
bls.sign,10,0.0044362740009091794
