test_name,runs,duration_in_ms
gm.setup,1000,3.1156628530006856
gm.register,1000,1.4654635029983183
lm.setup,1000,0.005211268999119056
ta.setup,1000,0.12249028500082204
lm.eval,1000,0.09723693900014041
gm.sign,1000,1.6294930069998372
gm.verify,1000,2.289971385998797
bls.sign,1000,0.409761360999255
main.contribution(label+enc+gsign),1000,4.392876196001453
main.trace(tsign+dec),1000,1.2648547060016426
