test_name,runs,duration_in_ms
gm.setup,1000,3.128952234008466
gm.register,1000,1.4636755800020183
lm.setup,1000,0.0037341629940783605
ta.setup,1000,0.11067058899789117
lm.eval,1000,0.07217751900316216
gm.sign,1000,1.6141221600119025
gm.verify,1000,2.2719791809940943
bls.sign,1000,0.4082749480003258
main.contribution(label+enc+gsign),1000,4.407095522998134
main.trace(tsign+dec),1000,1.249923048002529
