test_name,runs,duration_in_ms
gm.setup,1000,3.189966996986186
gm.register,1000,1.443231751996791
lm.setup,1000,0.005290291999699548
ta.setup,1000,0.11397784101427533
lm.eval,1000,0.09298267000121996
gm.sign,1000,1.6301573130185716
gm.verify,1000,2.3334119869978167
bls.sign,1000,0.4134336030110717
main.contribution(label+enc+gsign),1000,4.433900231990265
main.trace(tsign+dec),1000,1.26351334201172
