test_name,runs,duration(ms)
gm.setup,1000,3.939041386998724
gm.register,1000,1.6885153409966733
lm.setup,1000,0.0037088259996380657
ta.setup,1000,0.133388254995225
